valeriewhi,VNxaIlWDCHAP,Valerie,White,Elmwood Dr,Salt Lake City UT 84101,State8,14131
angelavz,xxrWzGeesqtE,Angela,Vzquez,Main St,Houston TX 77002,State11,37884
nellihieta,XJgp4p0Elv10,Nelli,Hietala,Riverside Lane,Boston MA 02108,State9,14718
mervinterp,fQ1flCsR76Oe,Mervin,Terpstra,Main St,Houston TX 77002,State18,63488
markoiki,c823JneI7K8m,Marko,iki,Highland Rd,Kansas City MO 64101,State33,21896
shambhavir,plVfDNn7ic97,Shambhavi,Rajesh,Valley View,Kansas City MO 64101,State29,17353
brandymend,sYyqc5McdcsI,Brandy,Mendoza,Riverside Lane,Atlanta GA 30301,State32,74641
alicanvan,xtB6BsXeYHFo,Alican,VanLuttikhuizen,Valley View,Nashville TN 37201,State29,29989
lilianasan,KqhB5zOgH0EY,Liliana,Santos,Sunnyhill Ln,Chicago IL 60614,State18,70264
benjaminre,Dvch94IAl12v,Benjamin,Rey,Riverside Lane,Raleigh NC 27601,State45,96008
elfriedebr,6CVlO4ZNAo5p,Elfriede,Brun,Pine Street,Houston TX 77002,State41,44662
maritzasal,lK8jY5iXoP4a,Maritza,Sales,Highland Rd,Portland OR 97201,State48,91067
asuncing,pFlYTh85PrPV,Asuncin,Gmez,Birch Court,Miami FL 33101,State4,52668
porfiriosa,0cRBKh2SczcI,Porfirio,Santiago,Lake Shore Dr,Orlando FL 32801,State29,60160
slavicasel,Z8Qt6iZO7UxJ,Slavica,Selakovi,Valley View,Orlando FL 32801,State25,56229
patriciael,dIN51QDjO22I,Patricia,Ellis,Oakwood Drive,Dallas TX 75201,State1,77931
reinhardro,lO2PUtZNBhve,Reinhard,Roussel,Hilltop Road,Charlotte NC 28201,State17,13695
lidiaromer,Lr6FfDefPNoW,Lidia,Romero,Main St,Las Vegas NV 89101,State37,49517
davidwhite,PIwxm8TlJLtr,David,White,Elmwood Dr,Denver CO 80201,State34,65816
zayanpraja,hptO0EgzBaGi,Zayan,Prajapati,Parkside Dr,Charlotte NC 28201,State28,07873
evdokijabe,PPrlL0bhBu6E,Evdokija,Beki,Evergreen Terrace,Atlanta GA 30301,State30,95984
marconieto,0i79Dpxi51Sv,Marco,Nieto,Valley View,Kansas City MO 64101,State27,18698
damienfran,9zYmWsiuJHWE,Damien,Francois,Evergreen Terrace,Austin TX 73301,State14,50059
troyanshul,nmse1oPgtyxd,Troyan,ShulgaMihaylo,Main St,San Diego CA 92101,State25,96395
oliviakorp,ixyUlsMkUeij,Olivia,Korpi,Birch Court,Atlanta GA 30301,State24,80634
laurentino,TPIObkH4ArXU,Laurentino,Oliveira,Evergreen Terrace,Salt Lake City UT 84101,State13,81802
stanimiras,oSHGgdtogUP6,Stanimira,Semeniv,Main St,Phoenix AZ 85001,State48,34404
meganday,6NXyoHRNmnh8,Megan,Day,Pine Street,Atlanta GA 30301,State28,74039
inmaculada,HFSZ7QI1u5cs,Inmaculada,Cruz,Maple Ave,Charlotte NC 28201,State10,94382
itzelceped,AaIjYbycpfhj,Itzel,Cepeda,Chestnut St,Dallas TX 75201,State45,49654
sandragail,xAkPwHqOBWam,Sandra,Gaillard,Chestnut St,Phoenix AZ 85001,State1,12498
cliffordbi,HTtQpKOtGCQE,Clifford,Bishop,Evergreen Terrace,New York NY 10001,State45,18418
josefineje,jM0q0VLQVDkr,Josefine,Jensen,Evergreen Terrace,Orlando FL 32801,State1,14040
neivanacar,MPxe88pgJvsn,Neivana,Carvalho,Valley View,Minneapolis MN 55401,State36,11585
karenmitch,gRINIueOx9h7,Karen,Mitchelle,Oakwood Drive,San Francisco CA 94110,State12,99458
saanamurto,9Fcima3MbjbA,Saana,Murto,Ridgeway Dr,Nashville TN 37201,State18,03535
finnjohnso,tu5HEk3BQRdU,Finn,Johnson,Willow Lane,Chicago IL 60614,State18,14854
xenialhr,YgygmnIOU5ad,Xenia,Lhr,Cedar Avenue,Philadelphia PA 19101,State11,81749
scarlettwa,1apAtCPRsogC,Scarlett,Wade,Valley View,Minneapolis MN 55401,State15,17291
ayebadem,b9zW0xZzLHZw,Aye,Bademci,Forest Ave,Los Angeles CA 90001,State19,01811
luisguti,EH0AqTY1SlUB,Luis,Gutirrez,Elmwood Dr,Houston TX 77002,State34,71573
lauraigles,7FTFCAv5UGbS,Laura,Iglesias,Riverside Lane,Columbus OH 43201,State23,73247
nalankarae,gIYoTlrs8Pr6,Nalan,Karaer,Ridgeway Dr,Las Vegas NV 89101,State42,19829
britneyhar,MP7GZeeJJeMJ,Britney,Harvey,Sunnyhill Ln,Los Angeles CA 90001,State7,66270
charellkri,U1coLfOA9HsH,Charell,Krist,Evergreen Terrace,San Diego CA 92101,State41,83456
nicolays,uCJajkRvUkCr,Nicolay,Slvberg,Highland Rd,Houston TX 77002,State34,76917
bernards,uJ6COJ3UzNDX,Bernard,stenstad,Meadow Lane,Kansas City MO 64101,State4,28405
scarlettph,dKeb6JmejTqV,Scarlett,Phillips,Birch Court,Seattle WA 98101,State28,57645
fionamitch,WVZwDnKrgNre,Fiona,Mitchelle,Oakwood Drive,Portland OR 97201,State4,99622
howdy,happybear345,Timmothy,Perez,244 Hillcrest Rd,Little Rock,Maine,94016
